{
    "1": "(20 / 20)",
    "2": "(2 + (0 * 20))",
    "3": "(ceil(2.02) + 0)",
    "4": "(2 - (0 - (2 + 0)))",
    "5": "(20 / floor(sqrt(20)))",
    "6": "floor(sqrt(sqrt(2020)))",
    "7": "ceil(sqrt(sqrt(2020)))",
    "8": "(2 * (0 + floor(sqrt(20))))",
    "9": "((20 / 2) - factorial(0))",
    "10": "(20 / (2 + 0))",
    "11": "((20 / 2) + factorial(0))",
    "12": "(2 * (0 + factorial((2 + factorial(0)))))",
    "13": "(floor(sqrt(202)) - factorial(0))",
    "14": "(floor(sqrt(202)) + 0)",
    "15": "(20 - ceil(sqrt(20)))",
    "16": "(20 - floor(sqrt(20)))",
    "17": "(20 - (2 + factorial(0)))",
    "18": "(20 - (2 + 0))",
    "19": "(20 - (2 ** 0))",
    "20": "(20 + (2 * 0))",
    "21": "(20 + (2 ** 0))",
    "22": "(2 + (0 + 20))",
    "23": "(2 + (factorial(0) + 20))",
    "24": "(20 + floor(sqrt(20)))",
    "25": "(20 + ceil(sqrt(20)))",
    "26": "(20 + factorial((2 + factorial(0))))",
    "27": "((2 + factorial(0)) ** (2 + factorial(0)))",
    "28": "(floor((20 * sqrt(2))) + 0)",
    "29": "(ceil((20 * sqrt(2))) + 0)",
    "30": "(ceil((20 * sqrt(2))) + factorial(0))",
    "31": "floor((sqrt(sqrt(2)) ** (0 + 20)))",
    "32": "(2 ** (0 + ceil(sqrt(20))))",
    "33": "ceil(sqrt(ceil((sqrt(2) ** (0 + 20)))))",
    "34": "floor((20 * sqrt((2 + factorial(0)))))",
    "35": "(floor((20 ** sqrt(sqrt(2)))) + 0)",
    "36": "(factorial((2 + factorial(0))) ** (2 + 0))",
    "37": "((factorial((2 + factorial(0))) ** 2) + factorial(0))",
    "38": "(2 * ((-factorial(0)) + 20))",
    "39": "((20 * 2) - factorial(0))",
    "40": "(20 + 20)",
    "41": "((20 * 2) + factorial(0))",
    "42": "(2 * (factorial(0) + 20))",
    "43": "ceil((20 * sqrt(sqrt(20))))",
    "44": "floor(sqrt(2020))",
    "45": "ceil(sqrt(2020))",
    "46": "(2 * ((-factorial(0)) + factorial(floor(sqrt(20)))))",
    "47": "((factorial(floor(sqrt(20))) * 2) - factorial(0))",
    "48": "(2 * (0 + factorial(floor(sqrt(20)))))",
    "49": "ceil((20 * (sqrt(2) + factorial(0))))",
    "50": "(2 * (factorial(0) + factorial(floor(sqrt(20)))))",
    "51": "floor((20 ** sqrt(sqrt((2 + factorial(0))))))",
    "52": "ceil((20 ** sqrt(sqrt((2 + factorial(0))))))",
    "53": "(floor((2 * sqrt(factorial(factorial((factorial(0) + 2)))))) + 0)",
    "54": "floor(sqrt((factorial((2 + factorial(0))) ** sqrt(20))))",
    "55": "ceil(sqrt((factorial((2 + factorial(0))) ** sqrt(20))))",
    "56": "floor(sqrt((sqrt(20) * factorial(factorial((2 + factorial(0)))))))",
    "57": "floor((factorial(floor(sqrt(20))) * (sqrt(2) + factorial(0))))",
    "58": "ceil((factorial(floor(sqrt(20))) * (sqrt(2) + factorial(0))))",
    "59": "((factorial(ceil(sqrt(20))) / 2) - factorial(0))",
    "60": "(20 * (2 + factorial(0)))",
    "61": "((factorial(ceil(sqrt(20))) / 2) + factorial(0))",
    "62": "No expression found",
    "63": "((2 ** factorial((factorial(0) + 2))) - factorial(0))",
    "64": "(2 ** (0 + factorial((2 + factorial(0)))))",
    "65": "((2 ** factorial((factorial(0) + 2))) + factorial(0))",
    "66": "(factorial((2 + factorial(0))) * ceil(sqrt(factorial(ceil(sqrt(20))))))",
    "67": "No expression found",
    "68": "(floor((20 ** sqrt(2))) - factorial(0))",
    "69": "(floor((20 ** sqrt(2))) + 0)",
    "70": "(ceil((20 ** sqrt(2))) + 0)",
    "71": "(ceil((20 ** sqrt(2))) + factorial(0))",
    "72": "((2 + factorial(0)) * factorial(floor(sqrt(20))))",
    "73": "(2 + ceil(sqrt(factorial((factorial(0) + factorial((2 + factorial(0))))))))",
    "74": "No expression found",
    "75": "floor((factorial((2 + factorial(0))) ** (sqrt(2) + factorial(0))))",
    "76": "ceil((factorial((2 + factorial(0))) ** (sqrt(2) + factorial(0))))",
    "77": "No expression found",
    "78": "No expression found",
    "79": "No expression found",
    "80": "(20 * floor(sqrt(20)))",
    "81": "((2 + factorial(0)) ** floor(sqrt(20)))",
    "82": "floor(((sqrt(2) + factorial(0)) ** ceil(sqrt(20))))",
    "83": "ceil(((sqrt(2) + factorial(0)) ** ceil(sqrt(20))))",
    "84": "(floor((factorial(ceil(sqrt(20))) / sqrt(2))) + 0)",
    "85": "(ceil((factorial(ceil(sqrt(20))) / sqrt(2))) + 0)",
    "86": "(ceil((factorial(ceil(sqrt(20))) / sqrt(2))) + factorial(0))",
    "87": "No expression found",
    "88": "(floor((factorial(floor(sqrt(20))) ** sqrt(2))) - factorial(0))",
    "89": "floor((20 * sqrt(20)))",
    "90": "ceil((20 * sqrt(20)))",
    "91": "(ceil((factorial(floor(sqrt(20))) ** sqrt(2))) + factorial(0))",
    "92": "No expression found",
    "93": "floor((factorial(ceil(sqrt(20))) - sqrt(factorial(factorial((2 + factorial(0)))))))",
    "94": "ceil((factorial(ceil(sqrt(20))) - sqrt(factorial(factorial((2 + factorial(0)))))))",
    "95": "No expression found",
    "96": "(floor(sqrt(20)) * factorial(floor(sqrt(20))))",
    "97": "floor((20 * sqrt(factorial(floor(sqrt(20))))))",
    "98": "ceil((20 * sqrt(factorial(floor(sqrt(20))))))",
    "99": "((floor(sqrt(factorial(ceil(sqrt(20))))) ** 2) - factorial(0))",
    "100": "(20 * ceil(sqrt(20)))"
}