{
    "1": "floor(sqrt(2.021))",
    "2": "floor(2.021)",
    "3": "ceil(2.021)",
    "4": "floor(sqrt(20.21))",
    "5": "ceil(sqrt(20.21))",
    "6": "factorial(ceil(2.021))",
    "7": "ceil(sqrt(sqrt(2021)))",
    "8": "(2 ** (0 + ceil(2.1)))",
    "9": "((20 / 2) - 1)",
    "10": "(20 / floor(2.1))",
    "11": "((20 / 2) + 1)",
    "12": "(2 * (0 + factorial(ceil(2.1))))",
    "13": "(floor(sqrt(202)) - 1)",
    "14": "floor(sqrt(202.1))",
    "15": "ceil(sqrt(202.1))",
    "16": "(20 - floor(sqrt(21)))",
    "17": "(20 - ceil(2.1))",
    "18": "(20 - floor(2.1))",
    "19": "(20 - (2 - 1))",
    "20": "floor(20.21)",
    "21": "ceil(20.21)",
    "22": "(20 + floor(2.1))",
    "23": "(2 + (0 + 21))",
    "24": "factorial(floor(sqrt(20.21)))",
    "25": "(20 + ceil(sqrt(21)))",
    "26": "(20 + factorial(ceil(2.1)))",
    "27": "((2 + factorial(0)) ** ceil(2.1))",
    "28": "floor((20 * sqrt(2.1)))",
    "29": "ceil((20 * sqrt(2.1)))",
    "30": "(ceil((20 * sqrt(2))) + 1)",
    "31": "floor((sqrt(2) * (factorial(0) + 21)))",
    "32": "(2 ** (0 + ceil(sqrt(21))))",
    "33": "ceil((sqrt((sqrt(2) + factorial(0))) * 21))",
    "34": "floor((20 * sqrt(ceil(2.1))))",
    "35": "ceil((20 * sqrt(ceil(2.1))))",
    "36": "floor((20 ** sqrt(sqrt(2.1))))",
    "37": "ceil((20 ** sqrt(sqrt(2.1))))",
    "38": "floor((sqrt(sqrt(2)) ** (0 + 21)))",
    "39": "((20 * 2) - 1)",
    "40": "(20 * floor(2.1))",
    "41": "(20 + 21)",
    "42": "(20 * 2.1)",
    "43": "ceil((20 * sqrt(sqrt(21))))",
    "44": "floor(sqrt(2021))",
    "45": "ceil(sqrt(2021))",
    "46": "floor((sqrt(ceil(sqrt(20))) * 21))",
    "47": "((factorial(floor(sqrt(20))) * 2) - 1)",
    "48": "floor((20 * (sqrt(2) + 1)))",
    "49": "ceil((20 * (sqrt(2) + 1)))",
    "50": "floor((factorial(floor(sqrt(20))) * 2.1))",
    "51": "floor((20 ** sqrt(sqrt(ceil(2.1)))))",
    "52": "ceil((20 ** sqrt(sqrt(ceil(2.1)))))",
    "53": "floor((2 * (0 + sqrt(factorial(factorial(ceil(2.1)))))))",
    "54": "(2 * (0 + ceil(sqrt(factorial(factorial(ceil(2.1)))))))",
    "55": "(ceil((2 * sqrt(factorial(factorial((factorial(0) + 2)))))) + 1)",
    "56": "floor(((sqrt(2) + factorial(0)) ** sqrt(21)))",
    "57": "floor((factorial(ceil(sqrt(20))) / 2.1))",
    "58": "ceil((factorial(ceil(sqrt(20))) / 2.1))",
    "59": "((factorial(ceil(sqrt(20))) / 2) - 1)",
    "60": "(20 * ceil(2.1))",
    "61": "((factorial(ceil(sqrt(20))) / 2) + 1)",
    "62": "floor(((sqrt(2) + factorial(0)) * floor(sqrt(factorial(factorial(ceil(2.1)))))))",
    "63": "((2 + factorial(0)) * 21)",
    "64": "(2 ** (0 + factorial(ceil(2.1))))",
    "65": "((2 ** factorial((factorial(0) + 2))) + 1)",
    "66": "(ceil(sqrt(factorial(ceil(sqrt(20))))) * factorial(ceil(2.1)))",
    "67": "ceil((sqrt(factorial((2 + factorial(0)))) * ceil(sqrt(factorial(factorial(ceil(2.1)))))))",
    "68": "(floor((20 ** sqrt(2))) - 1)",
    "69": "(floor((20 ** sqrt(2))) * 1)",
    "70": "(floor((20 ** sqrt(2))) + 1)",
    "71": "(ceil((20 ** sqrt(2))) + 1)",
    "72": "(factorial(floor(sqrt(20))) * ceil(2.1))",
    "73": "(2 + ceil(sqrt(factorial((factorial(0) + factorial(ceil(2.1)))))))",
    "74": "ceil((2 ** (factorial(0) + sqrt(ceil(sqrt(factorial(factorial(ceil(2.1)))))))))",
    "75": "floor((factorial((2 + factorial(0))) ** (sqrt(2) + 1)))",
    "76": "floor((20 ** sqrt(2.1)))",
    "77": "ceil((20 ** sqrt(2.1)))",
    "78": "((2 + factorial(0)) * floor(sqrt(factorial(factorial(ceil(2.1))))))",
    "79": "No expression found",
    "80": "(20 * floor(sqrt(21)))",
    "81": "((2 + factorial(0)) ** floor(sqrt(21)))",
    "82": "floor((factorial(ceil(sqrt(20))) / sqrt(2.1)))",
    "83": "ceil((factorial(ceil(sqrt(20))) / sqrt(2.1)))",
    "84": "(floor(sqrt(20)) * 21)",
    "85": "(floor((factorial(ceil(sqrt(20))) / sqrt(2))) + 1)",
    "86": "(ceil((factorial(ceil(sqrt(20))) / sqrt(2))) + 1)",
    "87": "No expression found",
    "88": "(floor((factorial(floor(sqrt(20))) ** sqrt(2))) - 1)",
    "89": "floor((sqrt(20) ** ceil(2.1)))",
    "90": "ceil((sqrt(20) ** ceil(2.1)))",
    "91": "floor((20 * sqrt(21)))",
    "92": "ceil((20 * sqrt(21)))",
    "93": "floor((sqrt(20) * 21))",
    "94": "ceil((sqrt(20) * 21))",
    "95": "No expression found",
    "96": "(floor(sqrt(20)) * factorial(floor(sqrt(21))))",
    "97": "floor((20 * sqrt(factorial(floor(sqrt(21))))))",
    "98": "ceil((20 * sqrt(factorial(floor(sqrt(21))))))",
    "99": "(factorial(ceil(sqrt(20))) - 21)",
    "100": "(20 * ceil(sqrt(21)))"
}