{
    "1": "floor(sqrt(2.022))",
    "2": "floor(2.022)",
    "3": "ceil(2.022)",
    "4": "floor(sqrt(20.22))",
    "5": "ceil(sqrt(20.22))",
    "6": "factorial(ceil(2.022))",
    "7": "ceil(sqrt(sqrt(2022)))",
    "8": "((20 / 2) - 2)",
    "9": "(ceil(2.02) ** 2)",
    "10": "(20 / floor(2.2))",
    "11": "((20 + 2) / 2)",
    "12": "((20 / 2) + 2)",
    "13": "(ceil(sqrt(202)) - 2)",
    "14": "floor(sqrt(202.2))",
    "15": "ceil(sqrt(202.2))",
    "16": "(20 - (2 + 2))",
    "17": "(20 - ceil(2.2))",
    "18": "(20 - floor(2.2))",
    "19": "(20 - (2 / 2))",
    "20": "floor(20.22)",
    "21": "ceil(20.22)",
    "22": "(20 + floor(2.2))",
    "23": "(20 + ceil(2.2))",
    "24": "(2 + (0 + 22))",
    "25": "(2 + (factorial(0) + 22))",
    "26": "(20 + factorial(ceil(2.2)))",
    "27": "(ceil(sqrt(20)) + 22)",
    "28": "(floor(sqrt(202)) * 2)",
    "29": "floor((20 * sqrt(2.2)))",
    "30": "(ceil(sqrt(202)) * 2)",
    "31": "(ceil((20 * sqrt(2))) + 2)",
    "32": "(2 ** (0 + ceil(sqrt(22))))",
    "33": "(floor((20 ** sqrt(sqrt(2)))) - 2)",
    "34": "floor((20 * sqrt(ceil(2.2))))",
    "35": "(ceil((20 ** sqrt(2))) / 2)",
    "36": "((20 - 2) * 2)",
    "37": "floor(((20 - sqrt(2)) * 2))",
    "38": "((20 * 2) - 2)",
    "39": "((20 * 2) - floor(sqrt(2)))",
    "40": "(20 * floor(2.2))",
    "41": "ceil((20.2 * 2))",
    "42": "(20 + 22)",
    "43": "floor((20 * sqrt(sqrt(22))))",
    "44": "(20 * 2.2)",
    "45": "ceil(sqrt(2022))",
    "46": "(2 * (factorial(0) + 22))",
    "47": "ceil((sqrt(sqrt(20)) * 22))",
    "48": "(2 * (0 + factorial((2 + 2))))",
    "49": "((ceil(sqrt(20)) + 2) ** 2)",
    "50": "((ceil(sqrt(20)) ** 2) * 2)",
    "51": "floor((2 ** (factorial(0) + sqrt(22))))",
    "52": "((factorial(floor(sqrt(20))) + 2) * 2)",
    "53": "floor((20 * (2 ** sqrt(2))))",
    "54": "ceil((20 * (2 ** sqrt(2))))",
    "55": "ceil((sqrt(20) ** (2 ** sqrt(2))))",
    "56": "(floor((20 * sqrt(2))) * 2)",
    "57": "ceil((20 * (2 * sqrt(2))))",
    "58": "(ceil((20 * sqrt(2))) * 2)",
    "59": "floor(((20 - 2) ** sqrt(2)))",
    "60": "(20 * ceil(2.2))",
    "61": "((factorial(ceil(sqrt(20))) + 2) / 2)",
    "62": "((2 ** factorial((factorial(0) + 2))) - 2)",
    "63": "floor((20 * (2 + sqrt(sqrt(2)))))",
    "64": "(2 ** (0 + factorial(ceil(2.2))))",
    "65": "ceil(((20 - floor(sqrt(2))) ** sqrt(2)))",
    "66": "((2 + factorial(0)) * 22)",
    "67": "(floor((20 ** sqrt(2))) - 2)",
    "68": "(ceil((20 ** sqrt(2))) - 2)",
    "69": "floor((20 ** sqrt(floor(2.2))))",
    "70": "floor((20.2 ** sqrt(2)))",
    "71": "ceil((20.2 ** sqrt(2)))",
    "72": "(ceil((20 ** sqrt(2))) + 2)",
    "73": "ceil((ceil(sqrt(20)) ** (2 ** sqrt(2))))",
    "74": "floor((ceil(20.2) ** sqrt(2)))",
    "75": "ceil((ceil(20.2) ** sqrt(2)))",
    "76": "floor(((20 + sqrt(2)) ** sqrt(2)))",
    "77": "ceil(((20 + sqrt(2)) ** sqrt(2)))",
    "78": "((2 + factorial(0)) * floor(sqrt(factorial(factorial(ceil(2.2))))))",
    "79": "floor(((20 + 2) ** sqrt(2)))",
    "80": "(20 * (2 + 2))",
    "81": "((2 + factorial(0)) ** (2 + 2))",
    "82": "(floor((factorial(ceil(sqrt(20))) / sqrt(2))) - 2)",
    "83": "(ceil((factorial(ceil(sqrt(20))) / sqrt(2))) - 2)",
    "84": "floor((factorial(ceil(sqrt(20.2))) / sqrt(2)))",
    "85": "floor((20 ** sqrt(2.2)))",
    "86": "ceil((20 ** sqrt(2.2)))",
    "87": "(floor((factorial(floor(sqrt(20))) ** sqrt(2))) - 2)",
    "88": "(floor(sqrt(20)) * 22)",
    "89": "floor((sqrt(20) ** ceil(2.2)))",
    "90": "ceil((sqrt(20) ** ceil(2.2)))",
    "91": "(floor((factorial(floor(sqrt(20))) ** sqrt(2))) + 2)",
    "92": "(ceil((factorial(floor(sqrt(20))) ** sqrt(2))) + 2)",
    "93": "floor((20 * sqrt(22)))",
    "94": "ceil((20 * sqrt(22)))",
    "95": "ceil((ceil(sqrt(20)) ** (2 * sqrt(2))))",
    "96": "(floor(sqrt(20)) * factorial((2 + 2)))",
    "97": "floor((20 * sqrt(factorial((2 + 2)))))",
    "98": "floor((sqrt(20) * 22))",
    "99": "ceil((sqrt(20) * 22))",
    "100": "((20 / 2) ** 2)"
}