{
    "1": "floor(sqrt(2.023))",
    "2": "floor(2.023)",
    "3": "ceil(2.023)",
    "4": "floor(sqrt(20.23))",
    "5": "ceil(sqrt(20.23))",
    "6": "factorial(ceil(2.023))",
    "7": "(ceil(20.2) / 3)",
    "8": "(floor(2.02) ** 3)",
    "9": "(ceil(2.02) * 3)",
    "10": "(20 / floor(2.3))",
    "11": "(floor(sqrt(202)) - 3)",
    "12": "(20 - (2 ** 3))",
    "13": "((20 / 2) + 3)",
    "14": "floor(sqrt(202.3))",
    "15": "ceil(sqrt(202.3))",
    "16": "(2 * (0 + (2 ** 3)))",
    "17": "(20 - ceil(2.3))",
    "18": "(20 - floor(2.3))",
    "19": "(20 + (2 - 3))",
    "20": "floor(20.23)",
    "21": "ceil(20.23)",
    "22": "(20 + floor(2.3))",
    "23": "(20 + ceil(2.3))",
    "24": "((2 ** 0) + 23)",
    "25": "(2 + (0 + 23))",
    "26": "(20 + (2 * 3))",
    "27": "(ceil(2.02) ** 3)",
    "28": "(20 + (2 ** 3))",
    "29": "(2 + ((factorial(0) + 2) ** 3))",
    "30": "(20 / (2 / 3))",
    "31": "ceil((20 * sqrt(2.3)))",
    "32": "(2 ** (0 + (2 + 3)))",
    "33": "floor((202 / factorial(3)))",
    "34": "((20 * 2) - factorial(3))",
    "35": "ceil((20.2 * sqrt(3)))",
    "36": "(factorial(ceil(2.02)) * factorial(3))",
    "37": "((20 * 2) - 3)",
    "38": "((20 * 2) - ceil(sqrt(3)))",
    "39": "((20 * 2) - floor(sqrt(3)))",
    "40": "(20 * floor(2.3))",
    "41": "((20 * 2) + floor(sqrt(3)))",
    "42": "(floor(sqrt(202)) * 3)",
    "43": "(20 + 23)",
    "44": "floor(sqrt(2023))",
    "45": "ceil(sqrt(2023))",
    "46": "(20 * 2.3)",
    "47": "(factorial(floor(sqrt(20))) + 23)",
    "48": "(2 * (factorial(0) + 23))",
    "49": "ceil((20 * sqrt((2 * 3))))",
    "50": "ceil((20.2 * sqrt(factorial(3))))",
    "51": "((factorial(floor(sqrt(20))) * 2) + 3)",
    "52": "floor((20.2 ** sqrt(sqrt(3))))",
    "53": "ceil((20.2 ** sqrt(sqrt(3))))",
    "54": "((20 - 2) * 3)",
    "55": "floor(((20 - sqrt(2)) * 3))",
    "56": "floor((20 * sqrt((2 ** 3))))",
    "57": "((20 - floor(sqrt(2))) * 3)",
    "58": "floor((sqrt(ceil(sqrt(202))) ** 3))",
    "59": "ceil((sqrt(ceil(sqrt(202))) ** 3))",
    "60": "(20 * ceil(2.3))",
    "61": "ceil((20.2 * 3))",
    "62": "((-2) + (0 + (2 ** factorial(3))))",
    "63": "(ceil(20.2) * 3)",
    "64": "(2 ** (0 + (2 * 3)))",
    "65": "((2 ** 0) + (2 ** factorial(3)))",
    "66": "((20 + 2) * 3)",
    "67": "floor((202 / 3))",
    "68": "ceil((202 / 3))",
    "69": "((2 + factorial(0)) * 23)",
    "70": "ceil((20 ** sqrt(floor(2.3))))",
    "71": "floor((20 * (sqrt(sqrt(2)) * 3)))",
    "72": "(factorial(floor(sqrt(20.2))) * 3)",
    "73": "(ceil((20 ** sqrt(2))) + 3)",
    "74": "floor((20 * (2 + sqrt(3))))",
    "75": "((ceil(sqrt(20)) ** 2) * 3)",
    "76": "floor((sqrt((20 - 2)) ** 3))",
    "77": "ceil((sqrt((20 - 2)) ** 3))",
    "78": "((factorial(floor(sqrt(20))) + 2) * 3)",
    "79": "floor((factorial(ceil(sqrt(20))) / sqrt(2.3)))",
    "80": "(20 * floor(sqrt(23)))",
    "81": "((2 + factorial(0)) ** floor(sqrt(23)))",
    "82": "floor((202 / sqrt(factorial(3))))",
    "83": "ceil((202 / sqrt(factorial(3))))",
    "84": "(20 + (2 ** factorial(3)))",
    "85": "ceil((20 * (sqrt(2) * 3)))",
    "86": "ceil((sqrt(202) * factorial(3)))",
    "87": "(ceil((20 * sqrt(2))) * 3)",
    "88": "floor((20 * (sqrt(2) + 3)))",
    "89": "ceil((20 * (sqrt(2) + 3)))",
    "90": "floor((sqrt(20.2) ** 3))",
    "91": "ceil((sqrt(20.2) ** 3))",
    "92": "(floor(sqrt(20)) * 23)",
    "93": "floor((20 ** sqrt(2.3)))",
    "94": "ceil((20 ** sqrt(2.3)))",
    "95": "floor((20 * sqrt(23)))",
    "96": "ceil((20 * sqrt(23)))",
    "97": "(factorial(ceil(sqrt(20))) - 23)",
    "98": "ceil((20 * (2 * sqrt(factorial(3)))))",
    "99": "floor((sqrt(202) ** sqrt(3)))",
    "100": "(20 * (2 + 3))"
}