{
    "1": "floor(sqrt(2.024))",
    "2": "floor(2.024)",
    "3": "ceil(2.024)",
    "4": "floor(sqrt(20.24))",
    "5": "ceil(sqrt(20.24))",
    "6": "factorial(ceil(2.024))",
    "7": "(ceil(2.02) + 4)",
    "8": "(floor(2.02) * 4)",
    "9": "ceil((20 / 2.4))",
    "10": "(20 / floor(2.4))",
    "11": "(ceil(sqrt(202)) - 4)",
    "12": "(20 - (2 * 4))",
    "13": "ceil((20 / sqrt(2.4)))",
    "14": "floor(sqrt(202.4))",
    "15": "ceil(sqrt(202.4))",
    "16": "(floor(2.02) ** 4)",
    "17": "(20 - ceil(2.4))",
    "18": "(20 - floor(2.4))",
    "19": "(20 - floor(sqrt(2.4)))",
    "20": "floor(20.24)",
    "21": "ceil(20.24)",
    "22": "(20 + floor(2.4))",
    "23": "(20 + ceil(2.4))",
    "24": "((2 * 0) + 24)",
    "25": "((2 ** 0) + 24)",
    "26": "(2 + (0 + 24))",
    "27": "(2 + (factorial(0) + 24))",
    "28": "(20 + (2 * 4))",
    "29": "(ceil(sqrt(20)) + 24)",
    "30": "floor((20 * sqrt(2.4)))",
    "31": "ceil((20 * sqrt(2.4)))",
    "32": "(2 * (0 + (2 ** 4)))",
    "33": "(ceil((20 * sqrt(2))) + 4)",
    "34": "((20 / 2) + factorial(4))",
    "35": "ceil((20 * sqrt(ceil(2.4))))",
    "36": "(20 + (2 ** 4))",
    "37": "ceil((sqrt(20) ** 2.4))",
    "38": "((20 * 2) - sqrt(4))",
    "39": "(ceil(sqrt(202)) + factorial(4))",
    "40": "(20 * floor(2.4))",
    "41": "ceil((20.2 * sqrt(4)))",
    "42": "(20 - (2 - factorial(4)))",
    "43": "(20 - (floor(sqrt(2)) - factorial(4)))",
    "44": "(20 + 24)",
    "45": "ceil(sqrt(2024))",
    "46": "(20 + (2 + factorial(4)))",
    "47": "floor((ceil(sqrt(20)) ** 2.4))",
    "48": "(20 * 2.4)",
    "49": "ceil((2.02 * factorial(4)))",
    "50": "floor((202 / 4))",
    "51": "ceil((202 / 4))",
    "52": "(2 * (0 + (2 + factorial(4))))",
    "53": "(20 + floor((sqrt(2) * factorial(4))))",
    "54": "(2 * (factorial(0) + (2 + factorial(4))))",
    "55": "ceil((sqrt(sqrt(20)) * (2 + factorial(4))))",
    "56": "(floor(sqrt(202)) * 4)",
    "57": "ceil((sqrt(202) * 4))",
    "58": "(ceil((20 * sqrt(2))) * sqrt(4))",
    "59": "floor((2 ** (factorial(0) + sqrt(24))))",
    "60": "(20 * ceil(2.4))",
    "61": "((factorial(ceil(sqrt(20))) + 2) / sqrt(4))",
    "62": "((2 ** factorial((factorial(0) + 2))) - sqrt(4))",
    "63": "floor((sqrt(sqrt(2)) ** (0 + 24)))",
    "64": "(2 ** (0 + (2 + 4)))",
    "65": "(floor((20 ** sqrt(2))) - 4)",
    "66": "(ceil((20 ** sqrt(2))) - 4)",
    "67": "(floor((20 ** sqrt(2))) - sqrt(4))",
    "68": "(20 + (2 * factorial(4)))",
    "69": "floor((20 ** sqrt(floor(2.4))))",
    "70": "ceil((20 ** sqrt(floor(2.4))))",
    "71": "floor((sqrt(20) * (2 ** 4)))",
    "72": "((20 - 2) * 4)",
    "73": "(floor((20 ** sqrt(2))) + 4)",
    "74": "(ceil((20 ** sqrt(2))) + 4)",
    "75": "ceil(((20 - sqrt(2)) * 4))",
    "76": "((20 - floor(sqrt(2))) * 4)",
    "77": "ceil((sqrt(sqrt(2)) ** (factorial(0) + 24)))",
    "78": "((2 + factorial(0)) * (2 + factorial(4)))",
    "79": "((-2) + ((factorial(0) + 2) ** 4))",
    "80": "(floor(20.2) * 4)",
    "81": "(ceil(2.02) ** 4)",
    "82": "ceil(((20 ** 2) / sqrt(factorial(4))))",
    "83": "(2 + ((factorial(0) + 2) ** 4))",
    "84": "(ceil(20.2) * 4)",
    "85": "floor(((20 + sqrt(2)) * 4))",
    "86": "ceil(((20 + sqrt(2)) * 4))",
    "87": "floor(((sqrt(20) - sqrt(2)) ** 4))",
    "88": "((20 + 2) * 4)",
    "89": "floor((sqrt(20) ** ceil(2.4)))",
    "90": "ceil((sqrt(20) ** ceil(2.4)))",
    "91": "floor((202 / sqrt(sqrt(factorial(4)))))",
    "92": "(floor((20 * sqrt(sqrt(2)))) * 4)",
    "93": "(floor((20 ** sqrt(2))) + factorial(4))",
    "94": "(ceil((20 ** sqrt(2))) + factorial(4))",
    "95": "floor((20 * (sqrt(sqrt(2)) * 4)))",
    "96": "(floor(sqrt(20)) * 24)",
    "97": "floor((20 * sqrt(24)))",
    "98": "ceil((20 * sqrt(24)))",
    "99": "ceil((20.2 * sqrt(factorial(4))))",
    "100": "((20 ** 2) / 4)"
}