{
    "1": "floor(sqrt(2.025))",
    "2": "floor(2.025)",
    "3": "ceil(2.025)",
    "4": "floor(sqrt(20.25))",
    "5": "ceil(sqrt(20.25))",
    "6": "factorial(ceil(2.025))",
    "7": "(floor(2.02) + 5)",
    "8": "(20 / 2.5)",
    "9": "(2 + (0 + (2 + 5)))",
    "10": "(20 / floor(2.5))",
    "11": "ceil((2.02 * 5))",
    "12": "(2 + (0 + (2 * 5)))",
    "13": "(20 - (2 + 5))",
    "14": "floor(sqrt(202.5))",
    "15": "ceil(sqrt(202.5))",
    "16": "(ceil(20.2) - 5)",
    "17": "(20 - ceil(2.5))",
    "18": "(20 - floor(2.5))",
    "19": "(20 - floor(sqrt(2.5)))",
    "20": "floor(20.25)",
    "21": "ceil(20.25)",
    "22": "(20 + floor(2.5))",
    "23": "(20 + ceil(2.5))",
    "24": "factorial(floor(sqrt(20.25)))",
    "25": "(20 + sqrt(25))",
    "26": "((2 ** 0) + 25)",
    "27": "(2 + (0 + 25))",
    "28": "(2 + (factorial(0) + 25))",
    "29": "(floor(sqrt(20)) + 25)",
    "30": "(20 + (2 * 5))",
    "31": "floor((20 * sqrt(2.5)))",
    "32": "(floor(2.02) ** 5)",
    "33": "floor((2.02 ** 5))",
    "34": "ceil((2.02 ** 5))",
    "35": "((20 * 2) - 5)",
    "36": "(floor(sqrt(20)) + (2 ** 5))",
    "37": "(ceil(sqrt(20)) + (2 ** 5))",
    "38": "((20 * 2) - floor(sqrt(5)))",
    "39": "((20 * 2) - floor(sqrt(sqrt(5))))",
    "40": "(20 * floor(2.5))",
    "41": "ceil((202 / 5))",
    "42": "floor(sqrt((20 ** 2.5)))",
    "43": "ceil(sqrt((20 ** 2.5)))",
    "44": "((20 + 2) * floor(sqrt(5)))",
    "45": "sqrt(2025)",
    "46": "ceil((20.2 * sqrt(5)))",
    "47": "ceil((ceil(20.2) * sqrt(5)))",
    "48": "(2 * ((-factorial(0)) + 25))",
    "49": "(factorial(floor(sqrt(20))) + 25)",
    "50": "(20 * 2.5)",
    "51": "((20 * 2) + ceil(sqrt(factorial(5))))",
    "52": "(20 + (2 ** 5))",
    "53": "ceil((20 * sqrt((2 + 5))))",
    "54": "((20 - 2) * ceil(sqrt(5)))",
    "55": "floor((ceil(sqrt(20)) ** 2.5))",
    "56": "ceil((ceil(sqrt(20)) ** 2.5))",
    "57": "ceil((20 * (2 ** sqrt(sqrt(5)))))",
    "58": "((-2) + (factorial(0) / (2 / factorial(5))))",
    "59": "((2 ** factorial((factorial(0) + 2))) - 5)",
    "60": "(20 * ceil(2.5))",
    "61": "ceil((20.2 * ceil(sqrt(5))))",
    "62": "(2 + (factorial(0) / (2 / factorial(5))))",
    "63": "(ceil(20.2) * ceil(sqrt(5)))",
    "64": "(2 * (0 + (2 ** 5)))",
    "65": "(ceil((20 ** sqrt(2))) - 5)",
    "66": "(2 * (factorial(0) + (2 ** 5)))",
    "67": "floor((202 / ceil(sqrt(5))))",
    "68": "ceil((202 / ceil(sqrt(5))))",
    "69": "floor((20 ** sqrt(floor(2.5))))",
    "70": "(floor(sqrt(202)) * 5)",
    "71": "floor((sqrt(202) * 5))",
    "72": "ceil((sqrt(202) * 5))",
    "73": "floor((20 * (sqrt(2) + sqrt(5))))",
    "74": "(floor((20 ** sqrt(2))) + 5)",
    "75": "((2 + factorial(0)) * 25)",
    "76": "floor((sqrt(sqrt(2)) ** (0 + 25)))",
    "77": "ceil((sqrt(sqrt(2)) ** (0 + 25)))",
    "78": "floor((20 * sqrt(sqrt((2 * factorial(5))))))",
    "79": "ceil((20 * sqrt(sqrt((2 * factorial(5))))))",
    "80": "((20 ** 2) / 5)",
    "81": "((2 + factorial(0)) ** (2 + floor(sqrt(5))))",
    "82": "(202 - factorial(5))",
    "83": "ceil((((2 ** 0) + sqrt(2)) ** 5))",
    "84": "floor((20 * (2 + sqrt(5))))",
    "85": "ceil((20 * (2 + sqrt(5))))",
    "86": "ceil((2 ** (0 + (sqrt(2) + 5))))",
    "87": "(ceil((20 * sqrt(2))) * ceil(sqrt(5)))",
    "88": "(factorial(ceil(sqrt(20))) - (2 ** 5))",
    "89": "floor((20 * (2 * sqrt(5))))",
    "90": "((20 - 2) * 5)",
    "91": "ceil((202 / sqrt(5)))",
    "92": "floor(((20 - sqrt(2)) * 5))",
    "93": "ceil(((20 - sqrt(2)) * 5))",
    "94": "floor((20 * (2 ** sqrt(5))))",
    "95": "(factorial(ceil(sqrt(20))) - 25)",
    "96": "((2 + factorial(0)) * (2 ** 5))",
    "97": "floor(((2 + (factorial(0) / 2)) ** 5))",
    "98": "((-20) - (2 - factorial(5)))",
    "99": "(floor((-20.2)) + factorial(5))",
    "100": "(20 * sqrt(25))"
}