{
    "1": "floor(sqrt(2.026))",
    "2": "floor(2.026)",
    "3": "ceil(2.026)",
    "4": "floor(sqrt(20.26))",
    "5": "ceil(sqrt(20.26))",
    "6": "factorial(ceil(2.026))",
    "7": "floor((20 / 2.6))",
    "8": "(20 - (2 * 6))",
    "9": "(ceil(2.02) + 6)",
    "10": "(20 / floor(2.6))",
    "11": "(ceil(sqrt(20.2)) + 6)",
    "12": "(20 - (2 + 6))",
    "13": "ceil((2.02 * 6))",
    "14": "floor(sqrt(202.6))",
    "15": "ceil(sqrt(202.6))",
    "16": "(20 + (2 - 6))",
    "17": "(20 - ceil(2.6))",
    "18": "(20 - floor(2.6))",
    "19": "(20 - floor(sqrt(2.6)))",
    "20": "floor(20.26)",
    "21": "ceil(20.26)",
    "22": "(20 + floor(2.6))",
    "23": "(20 + ceil(2.6))",
    "24": "(20 - (2 - 6))",
    "25": "(20 + floor(sqrt(26)))",
    "26": "((2 * 0) + 26)",
    "27": "((2 ** 0) + 26)",
    "28": "(2 + (0 + 26))",
    "29": "(2 + (factorial(0) + 26))",
    "30": "(floor(sqrt(20)) + 26)",
    "31": "(ceil(sqrt(20)) + 26)",
    "32": "(20 + (2 * 6))",
    "33": "floor((202 / 6))",
    "34": "((20 * 2) - 6)",
    "35": "ceil(sqrt((202 * 6)))",
    "36": "(factorial(ceil(2.02)) * 6)",
    "37": "((20 * 2) - ceil(sqrt(6)))",
    "38": "((20 * 2) - floor(sqrt(6)))",
    "39": "ceil(((sqrt(20) + 2) * 6))",
    "40": "(20 * floor(2.6))",
    "41": "ceil((20.2 * floor(sqrt(6))))",
    "42": "(ceil(20.2) * floor(sqrt(6)))",
    "43": "((20 * 2) + ceil(sqrt(6)))",
    "44": "((-20) + (2 ** 6))",
    "45": "floor(sqrt(2026))",
    "46": "(20 + 26)",
    "47": "floor((20.2 + sqrt(factorial(6))))",
    "48": "(2 * factorial((0 - (2 - 6))))",
    "49": "floor((sqrt(20) ** 2.6))",
    "50": "ceil((sqrt(20) ** 2.6))",
    "51": "floor((ceil(20.2) * sqrt(6)))",
    "52": "(20 * 2.6)",
    "53": "floor((sqrt(20) * (2 * 6)))",
    "54": "(2 * (factorial(0) + 26))",
    "55": "ceil((sqrt(sqrt(20)) * 26))",
    "56": "floor((20 * sqrt((2 + 6))))",
    "57": "ceil((20 * sqrt((2 + 6))))",
    "58": "(20 + ceil(sqrt((2 * factorial(6)))))",
    "59": "(floor((-sqrt(20))) + (2 ** 6))",
    "60": "(20 * ceil(2.6))",
    "61": "ceil((20.2 * ceil(sqrt(6))))",
    "62": "((-2) + (0 + (2 ** 6)))",
    "63": "((-(2 ** 0)) + (2 ** 6))",
    "64": "(floor(2.02) ** 6)",
    "65": "((2 ** 0) + (2 ** 6))",
    "66": "(2 + (0 + (2 ** 6)))",
    "67": "floor((2.02 ** 6))",
    "68": "ceil((2.02 ** 6))",
    "69": "(ceil(sqrt(20)) + (2 ** 6))",
    "70": "ceil((20 ** sqrt(floor(2.6))))",
    "71": "floor((20 * (2 + sqrt(sqrt(6)))))",
    "72": "(2 * (factorial((factorial(0) + 2)) * 6))",
    "73": "(20 + floor((2 * sqrt(factorial(6)))))",
    "74": "(20 + (2 * ceil(sqrt(factorial(6)))))",
    "75": "(floor((20 ** sqrt(2))) + 6)",
    "76": "(ceil((20 ** sqrt(2))) + 6)",
    "77": "floor((20 * (sqrt(2) + sqrt(6))))",
    "78": "((2 + factorial(0)) * 26)",
    "79": "floor(((20 + 2) ** sqrt(floor(sqrt(6)))))",
    "80": "(20 * ((-2) + 6))",
    "81": "((2 + factorial(0)) ** ((-2) + 6))",
    "82": "floor((202 / sqrt(6)))",
    "83": "ceil((202 / sqrt(6)))",
    "84": "(20 + (2 ** 6))",
    "85": "floor((sqrt(202) * 6))",
    "86": "ceil((sqrt(202) * 6))",
    "87": "(ceil((20 * sqrt(2))) * ceil(sqrt(6)))",
    "88": "floor((20 * (2 + sqrt(6))))",
    "89": "ceil((20 * (2 + sqrt(6))))",
    "90": "(ceil(sqrt(202)) * 6)",
    "91": "ceil((sqrt(sqrt(20.2)) ** 6))",
    "92": "ceil((20 * ((-sqrt(2)) + 6)))",
    "93": "ceil(((20 - 2) ** sqrt(sqrt(6))))",
    "94": "(factorial(ceil(sqrt(20))) - 26)",
    "95": "ceil((ceil(sqrt(20)) ** sqrt((2 + 6))))",
    "96": "((floor(sqrt(20)) ** 2) * 6)",
    "97": "floor((20 * (2 * sqrt(6))))",
    "98": "ceil((20 * (2 * sqrt(6))))",
    "99": "floor((20 * sqrt(((-2) + sqrt(factorial(6))))))",
    "100": "(20 * floor(sqrt(26)))"
}