{
    "1": "floor(sqrt(2.027))",
    "2": "floor(2.027)",
    "3": "ceil(2.027)",
    "4": "floor(sqrt(20.27))",
    "5": "ceil(sqrt(20.27))",
    "6": "factorial(ceil(2.027))",
    "7": "((-20) + 27)",
    "8": "ceil((20 / 2.7))",
    "9": "(floor(2.02) + 7)",
    "10": "(20 / floor(2.7))",
    "11": "(20 - (2 + 7))",
    "12": "(ceil(sqrt(20.2)) + 7)",
    "13": "(floor(20.2) - 7)",
    "14": "floor(sqrt(202.7))",
    "15": "ceil(sqrt(202.7))",
    "16": "(2 + (0 + (2 * 7)))",
    "17": "(20 - ceil(2.7))",
    "18": "(20 - floor(2.7))",
    "19": "(20 - floor(sqrt(2.7)))",
    "20": "floor(20.27)",
    "21": "ceil(20.27)",
    "22": "(20 + floor(2.7))",
    "23": "(20 + ceil(2.7))",
    "24": "factorial(floor(sqrt(20.27)))",
    "25": "(20 - (2 - 7))",
    "26": "(20 + ceil(sqrt(27)))",
    "27": "((2 * 0) + 27)",
    "28": "((2 ** 0) + 27)",
    "29": "(2 + (0 + 27))",
    "30": "(2 + (factorial(0) + 27))",
    "31": "(floor(sqrt(20)) + 27)",
    "32": "(2 ** (0 - (2 - 7)))",
    "33": "((20 * 2) - 7)",
    "34": "(20 + (2 * 7))",
    "35": "(ceil(sqrt(20.2)) * 7)",
    "36": "(floor(sqrt(20)) * (2 + 7))",
    "37": "floor(sqrt((202 * 7)))",
    "38": "ceil(sqrt((202 * 7)))",
    "39": "ceil((sqrt(2) * (0 + 27)))",
    "40": "(20 * floor(2.7))",
    "41": "ceil((sqrt(20) * (2 + 7)))",
    "42": "(factorial(ceil(2.02)) * 7)",
    "43": "((20 * 2) + ceil(sqrt(7)))",
    "44": "((20 + 2) * floor(sqrt(7)))",
    "45": "floor(sqrt(2027))",
    "46": "ceil(sqrt(2027))",
    "47": "(20 + 27)",
    "48": "ceil(((20 - 2) * sqrt(7)))",
    "49": "((ceil(sqrt(20)) + 2) * 7)",
    "50": "floor(sqrt((20 * (2 ** 7))))",
    "51": "(factorial(floor(sqrt(20))) + 27)",
    "52": "(2 * ((-factorial(0)) + 27))",
    "53": "floor((20.2 * sqrt(7)))",
    "54": "(20 * 2.7)",
    "55": "floor((ceil(20.2) * sqrt(7)))",
    "56": "(2 * (factorial(0) + 27))",
    "57": "floor((sqrt(20) ** 2.7))",
    "58": "ceil((sqrt(20) ** 2.7))",
    "59": "ceil(((20 + 2) * sqrt(7)))",
    "60": "(20 * ceil(2.7))",
    "61": "ceil((20.2 * ceil(sqrt(7))))",
    "62": "(floor((20 ** sqrt(2))) - 7)",
    "63": "(ceil(20.2) * ceil(sqrt(7)))",
    "64": "(2 ** (0 + ceil(sqrt(27))))",
    "65": "floor((20 * (2 * sqrt(sqrt(7)))))",
    "66": "((20 + 2) * ceil(sqrt(7)))",
    "67": "floor((202 / ceil(sqrt(7))))",
    "68": "ceil((202 / ceil(sqrt(7))))",
    "69": "floor((20 ** sqrt(floor(2.7))))",
    "70": "(20 / (2 / 7))",
    "71": "floor(sqrt((2.02 + factorial(7))))",
    "72": "floor(sqrt((202 + factorial(7))))",
    "73": "floor((2.02 + sqrt(factorial(7))))",
    "74": "floor((20 * sqrt((2 * 7))))",
    "75": "ceil((20 * sqrt((2 * 7))))",
    "76": "floor((202 / sqrt(7)))",
    "77": "ceil((202 / sqrt(7)))",
    "78": "ceil((ceil(sqrt(20)) ** 2.7))",
    "79": "ceil((2 ** (factorial(0) + (2 * sqrt(7)))))",
    "80": "(20 * (2 + floor(sqrt(7))))",
    "81": "((2 + factorial(0)) * 27)",
    "82": "ceil((20 * (sqrt(2) + sqrt(7))))",
    "83": "ceil(((sqrt(2) - factorial(0)) ** (2 - 7)))",
    "84": "(2 * (factorial((factorial(0) + 2)) * 7))",
    "85": "floor((sqrt(202) + sqrt(factorial(7))))",
    "86": "ceil((sqrt(202) + sqrt(factorial(7))))",
    "87": "(ceil((20 * sqrt(2))) * ceil(sqrt(7)))",
    "88": "((20 - 2) + floor(sqrt(factorial(7))))",
    "89": "floor((sqrt(20) ** ceil(2.7)))",
    "90": "ceil((sqrt(20) ** ceil(2.7)))",
    "91": "floor((20.2 + sqrt(factorial(7))))",
    "92": "floor((20 * (2 + sqrt(7))))",
    "93": "(factorial(ceil(sqrt(20))) - 27)",
    "94": "(2 * ceil((sqrt((factorial(0) + 2)) ** 7)))",
    "95": "ceil(((sqrt(2) + (factorial(0) / 2)) ** 7))",
    "96": "floor((sqrt(ceil(20.2)) ** ceil(sqrt(7))))",
    "97": "floor(((sqrt(2) + factorial(0)) ** sqrt(27)))",
    "98": "(floor(sqrt(202)) * 7)",
    "99": "floor((sqrt(202) * 7))",
    "100": "(20 * floor(sqrt(27)))"
}