{
    "1": "floor(sqrt(2.028))",
    "2": "floor(2.028)",
    "3": "ceil(2.028)",
    "4": "floor(sqrt(20.28))",
    "5": "ceil(sqrt(20.28))",
    "6": "factorial(ceil(2.028))",
    "7": "floor((20 / 2.8))",
    "8": "((-20) + 28)",
    "9": "(floor(sqrt(2.02)) + 8)",
    "10": "(20 / floor(2.8))",
    "11": "(ceil(2.02) + 8)",
    "12": "(floor(20.2) - 8)",
    "13": "(ceil(20.2) - 8)",
    "14": "floor(sqrt(202.8))",
    "15": "ceil(sqrt(202.8))",
    "16": "(floor(2.02) * 8)",
    "17": "(20 - ceil(2.8))",
    "18": "(20 - floor(2.8))",
    "19": "(20 - floor(sqrt(2.8)))",
    "20": "floor(20.28)",
    "21": "ceil(20.28)",
    "22": "(20 + floor(2.8))",
    "23": "(20 + ceil(2.8))",
    "24": "(ceil(2.02) * 8)",
    "25": "floor((202 / 8))",
    "26": "(20 - (2 - 8))",
    "27": "((-(2 ** 0)) + 28)",
    "28": "((2 * 0) + 28)",
    "29": "((2 ** 0) + 28)",
    "30": "(2 + (0 + 28))",
    "31": "(2 + (factorial(0) + 28))",
    "32": "((20 * 2) - 8)",
    "33": "(ceil(sqrt(20)) + 28)",
    "34": "ceil((20 * sqrt(2.8)))",
    "35": "floor((sqrt(20.2) * 8))",
    "36": "(20 + (2 * 8))",
    "37": "((20 * 2) - ceil(sqrt(8)))",
    "38": "((20 * 2) - floor(sqrt(8)))",
    "39": "floor((2 ** (0 + sqrt(28))))",
    "40": "(20 * floor(2.8))",
    "41": "ceil(sqrt((202 * 8)))",
    "42": "(ceil(20.2) * floor(sqrt(8)))",
    "43": "((20 * 2) + ceil(sqrt(8)))",
    "44": "((20 + 2) * floor(sqrt(8)))",
    "45": "floor(sqrt(2028))",
    "46": "ceil(sqrt(2028))",
    "47": "ceil((20 * sqrt(sqrt(28))))",
    "48": "(20 + 28)",
    "49": "ceil((20 ** sqrt(sqrt(2.8))))",
    "50": "((20 ** 2) / 8)",
    "51": "ceil(((20 - 2) * sqrt(8)))",
    "52": "(factorial(floor(sqrt(20))) + 28)",
    "53": "floor((20 * sqrt((2 ** sqrt(8)))))",
    "54": "(2 * ((-factorial(0)) + 28))",
    "55": "(ceil(sqrt(20)) * floor((sqrt(2) * 8)))",
    "56": "(20 * 2.8)",
    "57": "floor((20.2 * sqrt(8)))",
    "58": "(2 * (factorial(0) + 28))",
    "59": "floor((sqrt(sqrt(20)) * 28))",
    "60": "(20 * ceil(2.8))",
    "61": "(floor((20 ** sqrt(2))) - 8)",
    "62": "(ceil((20 ** sqrt(2))) - 8)",
    "63": "(ceil(20.2) * ceil(sqrt(8)))",
    "64": "(2 ** (0 - (2 - 8)))",
    "65": "ceil((20 * (2 ** sqrt(sqrt(8)))))",
    "66": "floor((sqrt(20) ** 2.8))",
    "67": "ceil((sqrt(20) ** 2.8))",
    "68": "ceil((202 / ceil(sqrt(8))))",
    "69": "floor((20 ** sqrt(floor(2.8))))",
    "70": "ceil((20 ** sqrt(floor(2.8))))",
    "71": "floor((202 / sqrt(8)))",
    "72": "ceil((202 / sqrt(8)))",
    "73": "floor((20 * (2 + sqrt(sqrt(8)))))",
    "74": "ceil((20 * (2 + sqrt(sqrt(8)))))",
    "75": "ceil(sqrt((ceil(20.2) ** sqrt(8))))",
    "76": "floor((20 * (floor(sqrt(2)) + sqrt(8))))",
    "77": "(floor((20 ** sqrt(2))) + 8)",
    "78": "(ceil((20 ** sqrt(2))) + 8)",
    "79": "ceil((2 ** (factorial(0) + sqrt(28))))",
    "80": "(20 / (2 / 8))",
    "81": "sqrt((ceil(2.02) ** 8))",
    "82": "(2 + floor((sqrt((factorial(0) + 2)) ** 8)))",
    "83": "(2 + sqrt(((factorial(0) + 2) ** 8)))",
    "84": "((2 + factorial(0)) * 28)",
    "85": "ceil((20 * (sqrt(2) + sqrt(8))))",
    "86": "ceil((sqrt(202) * factorial(ceil(sqrt(8)))))",
    "87": "(ceil((20 * sqrt(2))) * ceil(sqrt(8)))",
    "88": "(ceil(sqrt(factorial(ceil(sqrt(20.2))))) * 8)",
    "89": "floor((sqrt(20) ** ceil(2.8)))",
    "90": "(factorial(factorial(ceil(2.02))) / 8)",
    "91": "ceil((ceil(sqrt(20)) ** 2.8))",
    "92": "(factorial(ceil(sqrt(20))) - 28)",
    "93": "(ceil((factorial(ceil(sqrt(20))) / sqrt(2))) + 8)",
    "94": "floor((ceil(sqrt(20.2)) ** sqrt(8)))",
    "95": "ceil((ceil(sqrt(20.2)) ** sqrt(8)))",
    "96": "floor((20 * (2 + sqrt(8))))",
    "97": "ceil((20 * (2 + sqrt(8))))",
    "98": "(ceil((factorial(floor(sqrt(20))) ** sqrt(2))) + 8)",
    "99": "floor((sqrt(sqrt((20 / 2))) ** 8))",
    "100": "(20 * floor(sqrt(28)))"
}