{
    "1": "floor(sqrt(2.029))",
    "2": "floor(2.029)",
    "3": "ceil(2.029)",
    "4": "floor(sqrt(20.29))",
    "5": "ceil(sqrt(20.29))",
    "6": "factorial(ceil(2.029))",
    "7": "sqrt((20 + 29))",
    "8": "(2 ** (0 + ceil(2.9)))",
    "9": "(20 - (2 + 9))",
    "10": "(20 / floor(2.9))",
    "11": "(floor(2.02) + 9)",
    "12": "(ceil(2.02) + 9)",
    "13": "(20 + (2 - 9))",
    "14": "floor(sqrt(202.9))",
    "15": "ceil(sqrt(202.9))",
    "16": "(2 * (0 + (2 ** sqrt(9))))",
    "17": "(20 - ceil(2.9))",
    "18": "(20 - floor(2.9))",
    "19": "((20 / 2) + 9)",
    "20": "floor(20.29)",
    "21": "ceil(20.29)",
    "22": "(20 + floor(2.9))",
    "23": "(20 + ceil(2.9))",
    "24": "factorial(floor(sqrt(20.29)))",
    "25": "(20 + floor(sqrt(29)))",
    "26": "(20 + ceil(sqrt(29)))",
    "27": "(20 - (2 - 9))",
    "28": "(20 + (2 ** sqrt(9)))",
    "29": "((2 * 0) + 29)",
    "30": "((2 ** 0) + 29)",
    "31": "(2 + (0 + 29))",
    "32": "(2 + (factorial(0) + 29))",
    "33": "(floor(sqrt(20)) + 29)",
    "34": "(ceil(sqrt(20)) + 29)",
    "35": "ceil((20 * sqrt(2.9)))",
    "36": "(2 * (0 + (2 * 9)))",
    "37": "((20 * 2) - sqrt(9))",
    "38": "(20 + (2 * 9))",
    "39": "ceil((sqrt((20 - 2)) * 9))",
    "40": "(20 * floor(2.9))",
    "41": "ceil((sqrt(20.2) * 9))",
    "42": "floor(sqrt((202 * 9)))",
    "43": "((20 * 2) + sqrt(9))",
    "44": "floor(((20 ** 2) / 9))",
    "45": "floor(sqrt(2029))",
    "46": "ceil(sqrt(2029))",
    "47": "ceil((20 * sqrt(sqrt(29))))",
    "48": "(2 * factorial((factorial(0) + ceil(2.9))))",
    "49": "(20 + 29)",
    "50": "ceil((20 ** sqrt(sqrt(2.9))))",
    "51": "((factorial(ceil(sqrt(20))) / 2) - 9)",
    "52": "ceil((20 ** sqrt(sqrt(ceil(2.9)))))",
    "53": "(factorial(floor(sqrt(20))) + 29)",
    "54": "(factorial(ceil(2.02)) * 9)",
    "55": "(ceil(sqrt(20)) * (2 + 9))",
    "56": "(2 * ((-factorial(0)) + 29))",
    "57": "ceil((sqrt((20 * 2)) * 9))",
    "58": "(20 * 2.9)",
    "59": "ceil(((sqrt(20) + 2) * 9))",
    "60": "(20 * ceil(2.9))",
    "61": "ceil((20.2 * sqrt(9)))",
    "62": "ceil((sqrt(sqrt(20)) * 29))",
    "63": "(ceil(20.2) * sqrt(9))",
    "64": "(2 ** (0 + ceil(sqrt(29))))",
    "65": "ceil((20 * sqrt((sqrt(2) + 9))))",
    "66": "((20 + 2) * sqrt(9))",
    "67": "floor((202 / sqrt(9)))",
    "68": "ceil((202 / sqrt(9)))",
    "69": "floor((20 ** sqrt(floor(2.9))))",
    "70": "ceil((20 ** sqrt(floor(2.9))))",
    "71": "floor((20 * sqrt((sqrt(2) * 9))))",
    "72": "(floor(sqrt(20)) * (2 * 9))",
    "73": "((2 ** factorial((factorial(0) + 2))) + 9)",
    "74": "floor((20 * (2 + sqrt(sqrt(9)))))",
    "75": "((ceil(sqrt(20)) ** 2) * sqrt(9))",
    "76": "floor((sqrt((20 - 2)) ** sqrt(9)))",
    "77": "floor((sqrt(20) ** 2.9))",
    "78": "ceil((sqrt(20) ** 2.9))",
    "79": "(ceil((20 ** sqrt(2))) + 9)",
    "80": "(20 * ceil(sqrt((2 + 9))))",
    "81": "(((2 + factorial(0)) ** 2) * 9)",
    "82": "(2 + (factorial(factorial((factorial(0) + 2))) / 9))",
    "83": "floor((2 ** (factorial(0) + sqrt(29))))",
    "84": "floor((20 * sqrt((2 * 9))))",
    "85": "ceil((20 * sqrt((2 * 9))))",
    "86": "floor(((2 + (factorial(0) + sqrt(2))) ** sqrt(9)))",
    "87": "((2 + factorial(0)) * 29)",
    "88": "floor((20 * (sqrt(2) + sqrt(9))))",
    "89": "floor((sqrt(20) ** ceil(2.9)))",
    "90": "(20 / (2 / 9))",
    "91": "(factorial(ceil(sqrt(20))) - 29)",
    "92": "(floor(sqrt(20)) * ceil((sqrt(2) ** 9)))",
    "93": "floor((20 * sqrt(floor((sqrt(2) ** 9)))))",
    "94": "ceil((20 * sqrt(floor((sqrt(2) ** 9)))))",
    "95": "floor((20 * sqrt(sqrt((2 ** 9)))))",
    "96": "ceil((20 * sqrt(sqrt((2 ** 9)))))",
    "97": "ceil((sqrt(ceil(20.2)) ** sqrt(9)))",
    "98": "floor((sqrt(20) * floor((sqrt(2) ** 9))))",
    "99": "(ceil(sqrt(factorial(ceil(sqrt(20.2))))) * 9)",
    "100": "(20 * floor(sqrt(29)))"
}