{
    "1": "(203 ** 0)",
    "2": "(2 + (0 * 30))",
    "3": "(ceil(2.03) + 0)",
    "4": "(20 / floor(sqrt(30)))",
    "5": "(2 + (0 + (3 + 0)))",
    "6": "floor(sqrt(sqrt(2030)))",
    "7": "ceil(sqrt(sqrt(2030)))",
    "8": "(2 ** (0 + (3 + 0)))",
    "9": "((2 + factorial(0)) * (3 + 0))",
    "10": "((-20) + 30)",
    "11": "(floor((20 / sqrt(3))) + 0)",
    "12": "(2 * (0 + ceil(sqrt(30))))",
    "13": "(20 - (factorial(3) + factorial(0)))",
    "14": "(20 - ceil(sqrt(30)))",
    "15": "(20 - floor(sqrt(30)))",
    "16": "(20 - (3 + factorial(0)))",
    "17": "(20 - (3 + 0))",
    "18": "(20 - (3 - factorial(0)))",
    "19": "(20 - (3 ** 0))",
    "20": "(20 + (3 * 0))",
    "21": "(20 + (3 ** 0))",
    "22": "(20 + (3 - factorial(0)))",
    "23": "(20 + (3 + 0))",
    "24": "(20 + (3 + factorial(0)))",
    "25": "(20 + floor(sqrt(30)))",
    "26": "(20 + ceil(sqrt(30)))",
    "27": "((-2) - (factorial(0) - 30))",
    "28": "((-2) + (0 + 30))",
    "29": "((-(2 ** 0)) + 30)",
    "30": "((2 * 0) + 30)",
    "31": "((2 ** 0) + 30)",
    "32": "(2 + (0 + 30))",
    "33": "(2 + (factorial(0) + 30))",
    "34": "(floor(sqrt(20)) + 30)",
    "35": "(ceil(sqrt(20)) + 30)",
    "36": "(factorial((2 + factorial(0))) + 30)",
    "37": "ceil((sqrt(sqrt(2)) * (factorial(0) + 30)))",
    "38": "(ceil(sqrt((2 * (0 + factorial(factorial(3)))))) + 0)",
    "39": "((20 * ceil(sqrt(3))) - factorial(0))",
    "40": "(20 * (3 - factorial(0)))",
    "41": "((20 * ceil(sqrt(3))) + factorial(0))",
    "42": "floor((sqrt(2) * (0 + 30)))",
    "43": "ceil((sqrt(2) * (0 + 30)))",
    "44": "(20 + factorial((3 + factorial(0))))",
    "45": "floor(sqrt(2030))",
    "46": "ceil(sqrt(2030))",
    "47": "ceil((20 * sqrt(sqrt(30))))",
    "48": "(2 * (0 + factorial((3 + factorial(0)))))",
    "49": "(ceil((20 * sqrt(factorial(3)))) + 0)",
    "50": "(20 + 30)",
    "51": "(floor((20 ** sqrt(sqrt(3)))) + 0)",
    "52": "(ceil((20 ** sqrt(sqrt(3)))) + 0)",
    "53": "(ceil((20 ** sqrt(sqrt(3)))) + factorial(0))",
    "54": "(factorial(floor(sqrt(20))) + 30)",
    "55": "ceil((20 * (sqrt(3) + factorial(0))))",
    "56": "(floor(sqrt((sqrt(20) * factorial(factorial(3))))) + 0)",
    "57": "(ceil(sqrt((sqrt(20) * factorial(factorial(3))))) + 0)",
    "58": "(2 * ((-factorial(0)) + 30))",
    "59": "((20 * 3) - factorial(0))",
    "60": "(2 * (0 + 30))",
    "61": "((20 * 3) + factorial(0))",
    "62": "(2 * (factorial(0) + 30))",
    "63": "floor((sqrt(sqrt(20)) * 30))",
    "64": "(2 ** (0 + ceil(sqrt(30))))",
    "65": "((2 ** (0 + factorial(3))) + factorial(0))",
    "66": "ceil(((sqrt(sqrt(2)) + factorial(0)) * 30))",
    "67": "floor((sqrt(ceil(sqrt(20))) * 30))",
    "68": "ceil((sqrt(ceil(sqrt(20))) * 30))",
    "69": "floor((20 ** sqrt((3 - factorial(0)))))",
    "70": "ceil((20 ** sqrt((3 - factorial(0)))))",
    "71": "((factorial(floor(sqrt(20))) * 3) - factorial(0))",
    "72": "(factorial(floor(sqrt(20))) * (3 + 0))",
    "73": "ceil(((sqrt(2) + factorial(0)) * 30))",
    "74": "ceil((sqrt(factorial((2 + factorial(0)))) * 30))",
    "75": "floor((sqrt(20) + sqrt(factorial((factorial(3) + factorial(0))))))",
    "76": "floor((20 ** (sqrt(factorial(3)) - factorial(0))))",
    "77": "ceil((20 ** (sqrt(factorial(3)) - factorial(0))))",
    "78": "((2 + factorial(0)) * floor((sqrt(factorial(factorial(3))) + 0)))",
    "79": "(floor(((2 + factorial(0)) * sqrt(factorial(factorial(3))))) - factorial(0))",
    "80": "(20 * (3 + factorial(0)))",
    "81": "((2 + factorial(0)) ** (3 + factorial(0)))",
    "82": "ceil((ceil(sqrt(20)) ** (sqrt(3) + factorial(0))))",
    "83": "ceil(((sqrt(2) + factorial(0)) ** floor(sqrt(30))))",
    "84": "floor((factorial(ceil(sqrt(20))) / sqrt((3 - factorial(0)))))",
    "85": "ceil((factorial(ceil(sqrt(20))) / sqrt((3 - factorial(0)))))",
    "86": "(ceil(sqrt((sqrt(2) * factorial((factorial(0) + factorial(3)))))) + factorial(0))",
    "87": "floor((factorial(ceil(sqrt(20))) * (sqrt(3) - factorial(0))))",
    "88": "(floor((sqrt(20) ** 3)) - factorial(0))",
    "89": "(floor((sqrt(20) ** 3)) + 0)",
    "90": "((2 + factorial(0)) * 30)",
    "91": "(ceil((sqrt(20) ** 3)) + factorial(0))",
    "92": "(factorial(ceil(sqrt(20))) - ceil((sqrt(factorial(factorial(3))) + factorial(0))))",
    "93": "(factorial(ceil(sqrt(20))) - ceil((sqrt(factorial(factorial(3))) + 0)))",
    "94": "(factorial(ceil(sqrt(20))) - floor((sqrt(factorial(factorial(3))) + 0)))",
    "95": "(factorial(floor(sqrt(20))) + ceil(sqrt(factorial((factorial(3) + factorial(0))))))",
    "96": "(floor(sqrt(20)) * factorial((3 + factorial(0))))",
    "97": "floor((20 * sqrt(factorial((3 + factorial(0))))))",
    "98": "ceil((20 * sqrt(factorial((3 + factorial(0))))))",
    "99": "(floor(sqrt((2 * factorial((factorial(0) + factorial(3)))))) - factorial(0))",
    "100": "(20 * floor(sqrt(30)))"
}